{"test_auroc":0.9996875000000001,"test_loss":0.07567585119977593,"train_loss":0.002639972215483635,"_step":59,"train_auroc":0.99999921875,"_runtime":0.749252105,"val_loss":0.712512195110321,"_wandb":{"runtime":160},"_timestamp":1.7506850834738958e+09,"epoch":19,"val_auroc":0.9480000000000001}