{"_timestamp":1.7506740233036678e+09,"_runtime":230.766961239,"_step":12,"_wandb":{"runtime":490},"train_loss":0.010536196709022318,"train_auroc":0.9999774193548386,"epoch":9}